,bench_prior,wins,scores,fidelity,zone,benchmark,prior
0,B-0_bad,-1.0,0.752,1.0,1_6,B-0,bad
1,B-1_bad,-1.0,0.782,1.0,1_6,B-1,bad
2,B-2_bad,-1.0,0.608,1.0,1_6,B-2,bad
3,B-3_bad,-1.0,0.77,1.0,1_6,B-3,bad
4,B-4_bad,-1.0,0.793,1.0,1_6,B-4,bad
5,B-5_bad,-1.0,0.682,1.0,1_6,B-5,bad
6,B-6_bad,-1.0,0.714,1.0,1_6,B-6,bad
7,B-7_bad,-1.0,0.819,1.0,1_6,B-7,bad
8,B-8_bad,-1.0,0.536,1.0,1_6,B-8,bad
9,B-9_bad,-1.0,0.65,1.0,1_6,B-9,bad
10,B-10_bad,-1.0,0.929,1.0,1_6,B-10,bad
11,B-11_bad,-1.0,0.67,1.0,1_6,B-11,bad
12,B-6_at25,1.0,-0.29,1.0,1_6,B-6,at25
13,B-8_at25,1.0,-0.415,1.0,1_6,B-8,at25
14,B-11_at25,1.0,-0.308,1.0,1_6,B-11,at25
15,B-1_at25,1.0,-0.031,1.0,1_6,B-1,at25
16,B-0_at25,0.0,0.0,1.0,1_6,B-0,at25
17,B-9_at25,1.0,-0.356,1.0,1_6,B-9,at25
18,B-5_at25,1.0,-0.233,1.0,1_6,B-5,at25
19,B-10_at25,1.0,-0.099,1.0,1_6,B-10,at25
20,B-3_at25,1.0,-0.074,1.0,1_6,B-3,at25
21,B-4_at25,1.0,-0.103,1.0,1_6,B-4,at25
22,B-7_at25,1.0,-0.099,1.0,1_6,B-7,at25
23,B-2_at25,0.0,0.0,1.0,1_6,B-2,at25
24,B-0_bad,-1.0,0.151,2.0,1_6,B-0,bad
25,B-1_bad,-1.0,0.07,2.0,1_6,B-1,bad
26,B-2_bad,-1.0,0.047,2.0,1_6,B-2,bad
27,B-3_bad,0.0,0.0,2.0,1_6,B-3,bad
28,B-4_bad,-1.0,0.105,2.0,1_6,B-4,bad
29,B-5_bad,-1.0,0.193,2.0,1_6,B-5,bad
30,B-6_bad,-1.0,0.228,2.0,1_6,B-6,bad
31,B-7_bad,-1.0,0.197,2.0,1_6,B-7,bad
32,B-8_bad,-1.0,0.255,2.0,1_6,B-8,bad
33,B-9_bad,-1.0,0.215,2.0,1_6,B-9,bad
34,B-10_bad,-1.0,0.047,2.0,1_6,B-10,bad
35,B-11_bad,-1.0,0.173,2.0,1_6,B-11,bad
36,B-6_at25,1.0,-0.063,2.0,1_6,B-6,at25
37,B-8_at25,1.0,-0.283,2.0,1_6,B-8,at25
38,B-11_at25,1.0,-0.16,2.0,1_6,B-11,at25
39,B-1_at25,1.0,-0.009,2.0,1_6,B-1,at25
40,B-0_at25,-1.0,0.048,2.0,1_6,B-0,at25
41,B-9_at25,1.0,-0.138,2.0,1_6,B-9,at25
42,B-5_at25,1.0,-0.111,2.0,1_6,B-5,at25
43,B-10_at25,1.0,-0.036,2.0,1_6,B-10,at25
44,B-3_at25,1.0,-0.008,2.0,1_6,B-3,at25
45,B-4_at25,1.0,-0.028,2.0,1_6,B-4,at25
46,B-7_at25,1.0,-0.024,2.0,1_6,B-7,at25
47,B-2_at25,0.0,0.0,2.0,1_6,B-2,at25
48,B-0_bad,-1.0,0.043,3.0,1_6,B-0,bad
49,B-1_bad,-1.0,0.026,3.0,1_6,B-1,bad
50,B-2_bad,-1.0,0.044,3.0,1_6,B-2,bad
51,B-3_bad,0.0,0.0,3.0,1_6,B-3,bad
52,B-4_bad,-1.0,0.036,3.0,1_6,B-4,bad
53,B-5_bad,-1.0,0.131,3.0,1_6,B-5,bad
54,B-6_bad,-1.0,0.055,3.0,1_6,B-6,bad
55,B-7_bad,-1.0,0.065,3.0,1_6,B-7,bad
56,B-8_bad,-1.0,0.223,3.0,1_6,B-8,bad
57,B-9_bad,-1.0,0.133,3.0,1_6,B-9,bad
58,B-10_bad,-1.0,0.019,3.0,1_6,B-10,bad
59,B-11_bad,-1.0,0.068,3.0,1_6,B-11,bad
60,B-6_at25,1.0,-0.012,3.0,1_6,B-6,at25
61,B-8_at25,1.0,-0.2,3.0,1_6,B-8,at25
62,B-11_at25,1.0,-0.102,3.0,1_6,B-11,at25
63,B-1_at25,0.0,0.0,3.0,1_6,B-1,at25
64,B-0_at25,-1.0,0.029,3.0,1_6,B-0,at25
65,B-9_at25,0.0,0.0,3.0,1_6,B-9,at25
66,B-5_at25,1.0,-0.066,3.0,1_6,B-5,at25
67,B-10_at25,1.0,-0.013,3.0,1_6,B-10,at25
68,B-3_at25,0.0,0.0,3.0,1_6,B-3,at25
69,B-4_at25,1.0,-0.015,3.0,1_6,B-4,at25
70,B-7_at25,0.0,0.0,3.0,1_6,B-7,at25
71,B-2_at25,0.0,0.0,3.0,1_6,B-2,at25
72,B-0_bad,-1.0,0.023,4.0,1_6,B-0,bad
73,B-1_bad,-1.0,0.013,4.0,1_6,B-1,bad
74,B-2_bad,-1.0,0.03,4.0,1_6,B-2,bad
75,B-3_bad,1.0,-0.017,4.0,1_6,B-3,bad
76,B-4_bad,-1.0,0.022,4.0,1_6,B-4,bad
77,B-5_bad,-1.0,0.066,4.0,1_6,B-5,bad
78,B-6_bad,0.0,0.0,4.0,1_6,B-6,bad
79,B-7_bad,-1.0,0.035,4.0,1_6,B-7,bad
80,B-8_bad,-1.0,0.218,4.0,1_6,B-8,bad
81,B-9_bad,0.0,0.0,4.0,1_6,B-9,bad
82,B-10_bad,0.0,0.0,4.0,1_6,B-10,bad
83,B-11_bad,0.0,0.0,4.0,1_6,B-11,bad
84,B-6_at25,1.0,-0.014,4.0,1_6,B-6,at25
85,B-8_at25,1.0,-0.148,4.0,1_6,B-8,at25
86,B-11_at25,1.0,-0.101,4.0,1_6,B-11,at25
87,B-1_at25,0.0,0.0,4.0,1_6,B-1,at25
88,B-0_at25,-1.0,0.022,4.0,1_6,B-0,at25
89,B-9_at25,1.0,-0.005,4.0,1_6,B-9,at25
90,B-5_at25,1.0,-0.054,4.0,1_6,B-5,at25
91,B-10_at25,1.0,-0.013,4.0,1_6,B-10,at25
92,B-3_at25,1.0,-0.011,4.0,1_6,B-3,at25
93,B-4_at25,0.0,0.0,4.0,1_6,B-4,at25
94,B-7_at25,0.0,0.0,4.0,1_6,B-7,at25
95,B-2_at25,0.0,0.0,4.0,1_6,B-2,at25
96,B-0_bad,0.0,0.0,5.0,1_6,B-0,bad
97,B-1_bad,-1.0,0.009,5.0,1_6,B-1,bad
98,B-2_bad,-1.0,0.041,5.0,1_6,B-2,bad
99,B-3_bad,0.0,0.0,5.0,1_6,B-3,bad
100,B-4_bad,-1.0,0.016,5.0,1_6,B-4,bad
101,B-5_bad,-1.0,0.037,5.0,1_6,B-5,bad
102,B-6_bad,0.0,0.0,5.0,1_6,B-6,bad
103,B-7_bad,-1.0,0.032,5.0,1_6,B-7,bad
104,B-8_bad,-1.0,0.161,5.0,1_6,B-8,bad
105,B-9_bad,0.0,0.0,5.0,1_6,B-9,bad
106,B-10_bad,0.0,0.0,5.0,1_6,B-10,bad
107,B-11_bad,0.0,0.0,5.0,1_6,B-11,bad
108,B-6_at25,1.0,-0.014,5.0,1_6,B-6,at25
109,B-8_at25,1.0,-0.124,5.0,1_6,B-8,at25
110,B-11_at25,1.0,-0.094,5.0,1_6,B-11,at25
111,B-1_at25,0.0,0.0,5.0,1_6,B-1,at25
112,B-0_at25,0.0,0.0,5.0,1_6,B-0,at25
113,B-9_at25,1.0,-0.005,5.0,1_6,B-9,at25
114,B-5_at25,1.0,-0.051,5.0,1_6,B-5,at25
115,B-10_at25,1.0,-0.012,5.0,1_6,B-10,at25
116,B-3_at25,0.0,0.0,5.0,1_6,B-3,at25
117,B-4_at25,1.0,-0.013,5.0,1_6,B-4,at25
118,B-7_at25,0.0,0.0,5.0,1_6,B-7,at25
119,B-2_at25,0.0,0.0,5.0,1_6,B-2,at25
120,B-0_bad,0.0,0.0,6.0,6_12,B-0,bad
121,B-1_bad,-1.0,0.007,6.0,6_12,B-1,bad
122,B-2_bad,0.0,0.0,6.0,6_12,B-2,bad
123,B-3_bad,1.0,-0.013,6.0,6_12,B-3,bad
124,B-4_bad,-1.0,0.016,6.0,6_12,B-4,bad
125,B-5_bad,-1.0,0.029,6.0,6_12,B-5,bad
126,B-6_bad,-1.0,0.011,6.0,6_12,B-6,bad
127,B-7_bad,-1.0,0.016,6.0,6_12,B-7,bad
128,B-8_bad,-1.0,0.144,6.0,6_12,B-8,bad
129,B-9_bad,-1.0,0.007,6.0,6_12,B-9,bad
130,B-10_bad,-1.0,0.003,6.0,6_12,B-10,bad
131,B-11_bad,0.0,0.0,6.0,6_12,B-11,bad
132,B-6_at25,1.0,-0.009,6.0,6_12,B-6,at25
133,B-8_at25,1.0,-0.087,6.0,6_12,B-8,at25
134,B-11_at25,1.0,-0.072,6.0,6_12,B-11,at25
135,B-1_at25,0.0,0.0,6.0,6_12,B-1,at25
136,B-0_at25,0.0,0.0,6.0,6_12,B-0,at25
137,B-9_at25,0.0,0.0,6.0,6_12,B-9,at25
138,B-5_at25,1.0,-0.044,6.0,6_12,B-5,at25
139,B-10_at25,1.0,-0.008,6.0,6_12,B-10,at25
140,B-3_at25,1.0,-0.013,6.0,6_12,B-3,at25
141,B-4_at25,1.0,-0.013,6.0,6_12,B-4,at25
142,B-7_at25,1.0,-0.012,6.0,6_12,B-7,at25
143,B-2_at25,0.0,0.0,6.0,6_12,B-2,at25
144,B-0_bad,0.0,0.0,7.0,6_12,B-0,bad
145,B-1_bad,-1.0,0.006,7.0,6_12,B-1,bad
146,B-2_bad,0.0,0.0,7.0,6_12,B-2,bad
147,B-3_bad,1.0,-0.012,7.0,6_12,B-3,bad
148,B-4_bad,0.0,0.0,7.0,6_12,B-4,bad
149,B-5_bad,-1.0,0.02,7.0,6_12,B-5,bad
150,B-6_bad,0.0,0.0,7.0,6_12,B-6,bad
151,B-7_bad,-1.0,0.016,7.0,6_12,B-7,bad
152,B-8_bad,-1.0,0.083,7.0,6_12,B-8,bad
153,B-9_bad,0.0,0.0,7.0,6_12,B-9,bad
154,B-10_bad,0.0,0.0,7.0,6_12,B-10,bad
155,B-11_bad,0.0,0.0,7.0,6_12,B-11,bad
156,B-6_at25,1.0,-0.011,7.0,6_12,B-6,at25
157,B-8_at25,1.0,-0.083,7.0,6_12,B-8,at25
158,B-11_at25,1.0,-0.075,7.0,6_12,B-11,at25
159,B-1_at25,0.0,0.0,7.0,6_12,B-1,at25
160,B-0_at25,0.0,0.0,7.0,6_12,B-0,at25
161,B-9_at25,0.0,0.0,7.0,6_12,B-9,at25
162,B-5_at25,1.0,-0.043,7.0,6_12,B-5,at25
163,B-10_at25,1.0,-0.008,7.0,6_12,B-10,at25
164,B-3_at25,1.0,-0.013,7.0,6_12,B-3,at25
165,B-4_at25,1.0,-0.013,7.0,6_12,B-4,at25
166,B-7_at25,1.0,-0.011,7.0,6_12,B-7,at25
167,B-2_at25,0.0,0.0,7.0,6_12,B-2,at25
168,B-0_bad,0.0,0.0,8.0,6_12,B-0,bad
169,B-1_bad,-1.0,0.007,8.0,6_12,B-1,bad
170,B-2_bad,-1.0,0.032,8.0,6_12,B-2,bad
171,B-3_bad,0.0,0.0,8.0,6_12,B-3,bad
172,B-4_bad,0.0,0.0,8.0,6_12,B-4,bad
173,B-5_bad,0.0,0.0,8.0,6_12,B-5,bad
174,B-6_bad,0.0,0.0,8.0,6_12,B-6,bad
175,B-7_bad,-1.0,0.019,8.0,6_12,B-7,bad
176,B-8_bad,-1.0,0.082,8.0,6_12,B-8,bad
177,B-9_bad,0.0,0.0,8.0,6_12,B-9,bad
178,B-10_bad,0.0,0.0,8.0,6_12,B-10,bad
179,B-11_bad,0.0,0.0,8.0,6_12,B-11,bad
180,B-6_at25,1.0,-0.006,8.0,6_12,B-6,at25
181,B-8_at25,1.0,-0.075,8.0,6_12,B-8,at25
182,B-11_at25,1.0,-0.064,8.0,6_12,B-11,at25
183,B-1_at25,0.0,0.0,8.0,6_12,B-1,at25
184,B-0_at25,0.0,0.0,8.0,6_12,B-0,at25
185,B-9_at25,0.0,0.0,8.0,6_12,B-9,at25
186,B-5_at25,1.0,-0.044,8.0,6_12,B-5,at25
187,B-10_at25,1.0,-0.006,8.0,6_12,B-10,at25
188,B-3_at25,0.0,0.0,8.0,6_12,B-3,at25
189,B-4_at25,1.0,-0.013,8.0,6_12,B-4,at25
190,B-7_at25,0.0,0.0,8.0,6_12,B-7,at25
191,B-2_at25,0.0,0.0,8.0,6_12,B-2,at25
192,B-0_bad,0.0,0.0,9.0,6_12,B-0,bad
193,B-1_bad,-1.0,0.006,9.0,6_12,B-1,bad
194,B-2_bad,0.0,0.0,9.0,6_12,B-2,bad
195,B-3_bad,1.0,-0.011,9.0,6_12,B-3,bad
196,B-4_bad,0.0,0.0,9.0,6_12,B-4,bad
197,B-5_bad,0.0,0.0,9.0,6_12,B-5,bad
198,B-6_bad,0.0,0.0,9.0,6_12,B-6,bad
199,B-7_bad,0.0,0.0,9.0,6_12,B-7,bad
200,B-8_bad,-1.0,0.043,9.0,6_12,B-8,bad
201,B-9_bad,0.0,0.0,9.0,6_12,B-9,bad
202,B-10_bad,0.0,0.0,9.0,6_12,B-10,bad
203,B-11_bad,0.0,0.0,9.0,6_12,B-11,bad
204,B-6_at25,1.0,-0.008,9.0,6_12,B-6,at25
205,B-8_at25,1.0,-0.06,9.0,6_12,B-8,at25
206,B-11_at25,1.0,-0.062,9.0,6_12,B-11,at25
207,B-1_at25,0.0,0.0,9.0,6_12,B-1,at25
208,B-0_at25,0.0,0.0,9.0,6_12,B-0,at25
209,B-9_at25,0.0,0.0,9.0,6_12,B-9,at25
210,B-5_at25,1.0,-0.043,9.0,6_12,B-5,at25
211,B-10_at25,1.0,-0.006,9.0,6_12,B-10,at25
212,B-3_at25,1.0,-0.017,9.0,6_12,B-3,at25
213,B-4_at25,1.0,-0.016,9.0,6_12,B-4,at25
214,B-7_at25,1.0,-0.012,9.0,6_12,B-7,at25
215,B-2_at25,0.0,0.0,9.0,6_12,B-2,at25
216,B-0_bad,0.0,0.0,10.0,6_12,B-0,bad
217,B-1_bad,0.0,0.0,10.0,6_12,B-1,bad
218,B-2_bad,0.0,0.0,10.0,6_12,B-2,bad
219,B-3_bad,1.0,-0.012,10.0,6_12,B-3,bad
220,B-4_bad,0.0,0.0,10.0,6_12,B-4,bad
221,B-5_bad,0.0,0.0,10.0,6_12,B-5,bad
222,B-6_bad,0.0,0.0,10.0,6_12,B-6,bad
223,B-7_bad,0.0,0.0,10.0,6_12,B-7,bad
224,B-8_bad,0.0,0.0,10.0,6_12,B-8,bad
225,B-9_bad,0.0,0.0,10.0,6_12,B-9,bad
226,B-10_bad,0.0,0.0,10.0,6_12,B-10,bad
227,B-11_bad,0.0,0.0,10.0,6_12,B-11,bad
228,B-6_at25,1.0,-0.007,10.0,6_12,B-6,at25
229,B-8_at25,1.0,-0.052,10.0,6_12,B-8,at25
230,B-11_at25,1.0,-0.059,10.0,6_12,B-11,at25
231,B-1_at25,0.0,0.0,10.0,6_12,B-1,at25
232,B-0_at25,0.0,0.0,10.0,6_12,B-0,at25
233,B-9_at25,0.0,0.0,10.0,6_12,B-9,at25
234,B-5_at25,1.0,-0.03,10.0,6_12,B-5,at25
235,B-10_at25,1.0,-0.005,10.0,6_12,B-10,at25
236,B-3_at25,1.0,-0.018,10.0,6_12,B-3,at25
237,B-4_at25,1.0,-0.017,10.0,6_12,B-4,at25
238,B-7_at25,1.0,-0.012,10.0,6_12,B-7,at25
239,B-2_at25,0.0,0.0,10.0,6_12,B-2,at25
240,B-0_bad,0.0,0.0,11.0,6_12,B-0,bad
241,B-1_bad,0.0,0.0,11.0,6_12,B-1,bad
242,B-2_bad,0.0,0.0,11.0,6_12,B-2,bad
243,B-3_bad,1.0,-0.014,11.0,6_12,B-3,bad
244,B-4_bad,0.0,0.0,11.0,6_12,B-4,bad
245,B-5_bad,0.0,0.0,11.0,6_12,B-5,bad
246,B-6_bad,0.0,0.0,11.0,6_12,B-6,bad
247,B-7_bad,0.0,0.0,11.0,6_12,B-7,bad
248,B-8_bad,0.0,0.0,11.0,6_12,B-8,bad
249,B-9_bad,0.0,0.0,11.0,6_12,B-9,bad
250,B-10_bad,0.0,0.0,11.0,6_12,B-10,bad
251,B-11_bad,0.0,0.0,11.0,6_12,B-11,bad
252,B-6_at25,1.0,-0.008,11.0,6_12,B-6,at25
253,B-8_at25,1.0,-0.051,11.0,6_12,B-8,at25
254,B-11_at25,1.0,-0.057,11.0,6_12,B-11,at25
255,B-1_at25,0.0,0.0,11.0,6_12,B-1,at25
256,B-0_at25,0.0,0.0,11.0,6_12,B-0,at25
257,B-9_at25,0.0,0.0,11.0,6_12,B-9,at25
258,B-5_at25,1.0,-0.029,11.0,6_12,B-5,at25
259,B-10_at25,1.0,-0.005,11.0,6_12,B-10,at25
260,B-3_at25,1.0,-0.019,11.0,6_12,B-3,at25
261,B-4_at25,1.0,-0.017,11.0,6_12,B-4,at25
262,B-7_at25,1.0,-0.013,11.0,6_12,B-7,at25
263,B-2_at25,0.0,0.0,11.0,6_12,B-2,at25
264,B-0_bad,0.0,0.0,12.0,12_18,B-0,bad
265,B-1_bad,0.0,0.0,12.0,12_18,B-1,bad
266,B-2_bad,0.0,0.0,12.0,12_18,B-2,bad
267,B-3_bad,1.0,-0.015,12.0,12_18,B-3,bad
268,B-4_bad,0.0,0.0,12.0,12_18,B-4,bad
269,B-5_bad,0.0,0.0,12.0,12_18,B-5,bad
270,B-6_bad,0.0,0.0,12.0,12_18,B-6,bad
271,B-7_bad,0.0,0.0,12.0,12_18,B-7,bad
272,B-8_bad,0.0,0.0,12.0,12_18,B-8,bad
273,B-9_bad,0.0,0.0,12.0,12_18,B-9,bad
274,B-10_bad,0.0,0.0,12.0,12_18,B-10,bad
275,B-11_bad,0.0,0.0,12.0,12_18,B-11,bad
276,B-6_at25,1.0,-0.008,12.0,12_18,B-6,at25
277,B-8_at25,1.0,-0.052,12.0,12_18,B-8,at25
278,B-11_at25,1.0,-0.056,12.0,12_18,B-11,at25
279,B-1_at25,0.0,0.0,12.0,12_18,B-1,at25
280,B-0_at25,0.0,0.0,12.0,12_18,B-0,at25
281,B-9_at25,0.0,0.0,12.0,12_18,B-9,at25
282,B-5_at25,1.0,-0.027,12.0,12_18,B-5,at25
283,B-10_at25,1.0,-0.004,12.0,12_18,B-10,at25
284,B-3_at25,1.0,-0.019,12.0,12_18,B-3,at25
285,B-4_at25,1.0,-0.018,12.0,12_18,B-4,at25
286,B-7_at25,1.0,-0.014,12.0,12_18,B-7,at25
287,B-2_at25,0.0,0.0,12.0,12_18,B-2,at25
288,B-0_bad,0.0,0.0,13.0,12_18,B-0,bad
289,B-1_bad,0.0,0.0,13.0,12_18,B-1,bad
290,B-2_bad,0.0,0.0,13.0,12_18,B-2,bad
291,B-3_bad,1.0,-0.015,13.0,12_18,B-3,bad
292,B-4_bad,0.0,0.0,13.0,12_18,B-4,bad
293,B-5_bad,0.0,0.0,13.0,12_18,B-5,bad
294,B-6_bad,0.0,0.0,13.0,12_18,B-6,bad
295,B-7_bad,0.0,0.0,13.0,12_18,B-7,bad
296,B-8_bad,0.0,0.0,13.0,12_18,B-8,bad
297,B-9_bad,0.0,0.0,13.0,12_18,B-9,bad
298,B-10_bad,0.0,0.0,13.0,12_18,B-10,bad
299,B-11_bad,0.0,0.0,13.0,12_18,B-11,bad
300,B-6_at25,1.0,-0.007,13.0,12_18,B-6,at25
301,B-8_at25,1.0,-0.05,13.0,12_18,B-8,at25
302,B-11_at25,1.0,-0.053,13.0,12_18,B-11,at25
303,B-1_at25,0.0,0.0,13.0,12_18,B-1,at25
304,B-0_at25,0.0,0.0,13.0,12_18,B-0,at25
305,B-9_at25,0.0,0.0,13.0,12_18,B-9,at25
306,B-5_at25,1.0,-0.027,13.0,12_18,B-5,at25
307,B-10_at25,1.0,-0.004,13.0,12_18,B-10,at25
308,B-3_at25,1.0,-0.02,13.0,12_18,B-3,at25
309,B-4_at25,1.0,-0.019,13.0,12_18,B-4,at25
310,B-7_at25,1.0,-0.014,13.0,12_18,B-7,at25
311,B-2_at25,0.0,0.0,13.0,12_18,B-2,at25
312,B-0_bad,0.0,0.0,14.0,12_18,B-0,bad
313,B-1_bad,0.0,0.0,14.0,12_18,B-1,bad
314,B-2_bad,0.0,0.0,14.0,12_18,B-2,bad
315,B-3_bad,1.0,-0.016,14.0,12_18,B-3,bad
316,B-4_bad,0.0,0.0,14.0,12_18,B-4,bad
317,B-5_bad,0.0,0.0,14.0,12_18,B-5,bad
318,B-6_bad,0.0,0.0,14.0,12_18,B-6,bad
319,B-7_bad,0.0,0.0,14.0,12_18,B-7,bad
320,B-8_bad,0.0,0.0,14.0,12_18,B-8,bad
321,B-9_bad,0.0,0.0,14.0,12_18,B-9,bad
322,B-10_bad,0.0,0.0,14.0,12_18,B-10,bad
323,B-11_bad,0.0,0.0,14.0,12_18,B-11,bad
324,B-6_at25,1.0,-0.008,14.0,12_18,B-6,at25
325,B-8_at25,1.0,-0.05,14.0,12_18,B-8,at25
326,B-11_at25,1.0,-0.054,14.0,12_18,B-11,at25
327,B-1_at25,0.0,0.0,14.0,12_18,B-1,at25
328,B-0_at25,0.0,0.0,14.0,12_18,B-0,at25
329,B-9_at25,0.0,0.0,14.0,12_18,B-9,at25
330,B-5_at25,1.0,-0.027,14.0,12_18,B-5,at25
331,B-10_at25,1.0,-0.004,14.0,12_18,B-10,at25
332,B-3_at25,1.0,-0.022,14.0,12_18,B-3,at25
333,B-4_at25,1.0,-0.019,14.0,12_18,B-4,at25
334,B-7_at25,1.0,-0.013,14.0,12_18,B-7,at25
335,B-2_at25,1.0,-0.027,14.0,12_18,B-2,at25
336,B-0_bad,0.0,0.0,15.0,12_18,B-0,bad
337,B-1_bad,0.0,0.0,15.0,12_18,B-1,bad
338,B-2_bad,0.0,0.0,15.0,12_18,B-2,bad
339,B-3_bad,1.0,-0.012,15.0,12_18,B-3,bad
340,B-4_bad,0.0,0.0,15.0,12_18,B-4,bad
341,B-5_bad,0.0,0.0,15.0,12_18,B-5,bad
342,B-6_bad,0.0,0.0,15.0,12_18,B-6,bad
343,B-7_bad,0.0,0.0,15.0,12_18,B-7,bad
344,B-8_bad,0.0,0.0,15.0,12_18,B-8,bad
345,B-9_bad,0.0,0.0,15.0,12_18,B-9,bad
346,B-10_bad,0.0,0.0,15.0,12_18,B-10,bad
347,B-11_bad,0.0,0.0,15.0,12_18,B-11,bad
348,B-6_at25,1.0,-0.008,15.0,12_18,B-6,at25
349,B-8_at25,1.0,-0.049,15.0,12_18,B-8,at25
350,B-11_at25,1.0,-0.048,15.0,12_18,B-11,at25
351,B-1_at25,0.0,0.0,15.0,12_18,B-1,at25
352,B-0_at25,0.0,0.0,15.0,12_18,B-0,at25
353,B-9_at25,0.0,0.0,15.0,12_18,B-9,at25
354,B-5_at25,1.0,-0.025,15.0,12_18,B-5,at25
355,B-10_at25,1.0,-0.004,15.0,12_18,B-10,at25
356,B-3_at25,1.0,-0.019,15.0,12_18,B-3,at25
357,B-4_at25,1.0,-0.014,15.0,12_18,B-4,at25
358,B-7_at25,1.0,-0.007,15.0,12_18,B-7,at25
359,B-2_at25,1.0,-0.026,15.0,12_18,B-2,at25
360,B-0_bad,0.0,0.0,16.0,12_18,B-0,bad
361,B-1_bad,0.0,0.0,16.0,12_18,B-1,bad
362,B-2_bad,0.0,0.0,16.0,12_18,B-2,bad
363,B-3_bad,1.0,-0.02,16.0,12_18,B-3,bad
364,B-4_bad,0.0,0.0,16.0,12_18,B-4,bad
365,B-5_bad,0.0,0.0,16.0,12_18,B-5,bad
366,B-6_bad,0.0,0.0,16.0,12_18,B-6,bad
367,B-7_bad,0.0,0.0,16.0,12_18,B-7,bad
368,B-8_bad,0.0,0.0,16.0,12_18,B-8,bad
369,B-9_bad,0.0,0.0,16.0,12_18,B-9,bad
370,B-10_bad,0.0,0.0,16.0,12_18,B-10,bad
371,B-11_bad,0.0,0.0,16.0,12_18,B-11,bad
372,B-6_at25,1.0,-0.005,16.0,12_18,B-6,at25
373,B-8_at25,1.0,-0.051,16.0,12_18,B-8,at25
374,B-11_at25,1.0,-0.045,16.0,12_18,B-11,at25
375,B-1_at25,0.0,0.0,16.0,12_18,B-1,at25
376,B-0_at25,0.0,0.0,16.0,12_18,B-0,at25
377,B-9_at25,0.0,0.0,16.0,12_18,B-9,at25
378,B-5_at25,1.0,-0.025,16.0,12_18,B-5,at25
379,B-10_at25,1.0,-0.003,16.0,12_18,B-10,at25
380,B-3_at25,1.0,-0.021,16.0,12_18,B-3,at25
381,B-4_at25,1.0,-0.014,16.0,12_18,B-4,at25
382,B-7_at25,1.0,-0.012,16.0,12_18,B-7,at25
383,B-2_at25,1.0,-0.029,16.0,12_18,B-2,at25
384,B-0_bad,0.0,0.0,17.0,12_18,B-0,bad
385,B-1_bad,0.0,0.0,17.0,12_18,B-1,bad
386,B-2_bad,0.0,0.0,17.0,12_18,B-2,bad
387,B-3_bad,1.0,-0.017,17.0,12_18,B-3,bad
388,B-4_bad,0.0,0.0,17.0,12_18,B-4,bad
389,B-5_bad,0.0,0.0,17.0,12_18,B-5,bad
390,B-6_bad,0.0,0.0,17.0,12_18,B-6,bad
391,B-7_bad,0.0,0.0,17.0,12_18,B-7,bad
392,B-8_bad,0.0,0.0,17.0,12_18,B-8,bad
393,B-9_bad,0.0,0.0,17.0,12_18,B-9,bad
394,B-10_bad,0.0,0.0,17.0,12_18,B-10,bad
395,B-11_bad,0.0,0.0,17.0,12_18,B-11,bad
396,B-6_at25,1.0,-0.006,17.0,12_18,B-6,at25
397,B-8_at25,1.0,-0.047,17.0,12_18,B-8,at25
398,B-11_at25,1.0,-0.046,17.0,12_18,B-11,at25
399,B-1_at25,1.0,-0.003,17.0,12_18,B-1,at25
400,B-0_at25,0.0,0.0,17.0,12_18,B-0,at25
401,B-9_at25,0.0,0.0,17.0,12_18,B-9,at25
402,B-5_at25,1.0,-0.021,17.0,12_18,B-5,at25
403,B-10_at25,1.0,-0.003,17.0,12_18,B-10,at25
404,B-3_at25,1.0,-0.019,17.0,12_18,B-3,at25
405,B-4_at25,1.0,-0.019,17.0,12_18,B-4,at25
406,B-7_at25,1.0,-0.01,17.0,12_18,B-7,at25
407,B-2_at25,0.0,0.0,17.0,12_18,B-2,at25
408,B-0_bad,0.0,0.0,18.0,18_24,B-0,bad
409,B-1_bad,0.0,0.0,18.0,18_24,B-1,bad
410,B-2_bad,0.0,0.0,18.0,18_24,B-2,bad
411,B-3_bad,1.0,-0.02,18.0,18_24,B-3,bad
412,B-4_bad,0.0,0.0,18.0,18_24,B-4,bad
413,B-5_bad,0.0,0.0,18.0,18_24,B-5,bad
414,B-6_bad,0.0,0.0,18.0,18_24,B-6,bad
415,B-7_bad,1.0,-0.009,18.0,18_24,B-7,bad
416,B-8_bad,0.0,0.0,18.0,18_24,B-8,bad
417,B-9_bad,0.0,0.0,18.0,18_24,B-9,bad
418,B-10_bad,0.0,0.0,18.0,18_24,B-10,bad
419,B-11_bad,0.0,0.0,18.0,18_24,B-11,bad
420,B-6_at25,1.0,-0.005,18.0,18_24,B-6,at25
421,B-8_at25,1.0,-0.046,18.0,18_24,B-8,at25
422,B-11_at25,1.0,-0.041,18.0,18_24,B-11,at25
423,B-1_at25,1.0,-0.004,18.0,18_24,B-1,at25
424,B-0_at25,0.0,0.0,18.0,18_24,B-0,at25
425,B-9_at25,0.0,0.0,18.0,18_24,B-9,at25
426,B-5_at25,1.0,-0.023,18.0,18_24,B-5,at25
427,B-10_at25,1.0,-0.003,18.0,18_24,B-10,at25
428,B-3_at25,1.0,-0.025,18.0,18_24,B-3,at25
429,B-4_at25,1.0,-0.018,18.0,18_24,B-4,at25
430,B-7_at25,1.0,-0.014,18.0,18_24,B-7,at25
431,B-2_at25,1.0,-0.035,18.0,18_24,B-2,at25
432,B-0_bad,0.0,0.0,19.0,18_24,B-0,bad
433,B-1_bad,0.0,0.0,19.0,18_24,B-1,bad
434,B-2_bad,0.0,0.0,19.0,18_24,B-2,bad
435,B-3_bad,1.0,-0.02,19.0,18_24,B-3,bad
436,B-4_bad,0.0,0.0,19.0,18_24,B-4,bad
437,B-5_bad,0.0,0.0,19.0,18_24,B-5,bad
438,B-6_bad,0.0,0.0,19.0,18_24,B-6,bad
439,B-7_bad,1.0,-0.009,19.0,18_24,B-7,bad
440,B-8_bad,0.0,0.0,19.0,18_24,B-8,bad
441,B-9_bad,0.0,0.0,19.0,18_24,B-9,bad
442,B-10_bad,0.0,0.0,19.0,18_24,B-10,bad
443,B-11_bad,0.0,0.0,19.0,18_24,B-11,bad
444,B-6_at25,1.0,-0.006,19.0,18_24,B-6,at25
445,B-8_at25,1.0,-0.046,19.0,18_24,B-8,at25
446,B-11_at25,1.0,-0.042,19.0,18_24,B-11,at25
447,B-1_at25,1.0,-0.004,19.0,18_24,B-1,at25
448,B-0_at25,0.0,0.0,19.0,18_24,B-0,at25
449,B-9_at25,0.0,0.0,19.0,18_24,B-9,at25
450,B-5_at25,1.0,-0.024,19.0,18_24,B-5,at25
451,B-10_at25,1.0,-0.003,19.0,18_24,B-10,at25
452,B-3_at25,1.0,-0.025,19.0,18_24,B-3,at25
453,B-4_at25,1.0,-0.022,19.0,18_24,B-4,at25
454,B-7_at25,1.0,-0.014,19.0,18_24,B-7,at25
455,B-2_at25,1.0,-0.035,19.0,18_24,B-2,at25
456,B-0_bad,0.0,0.0,20.0,18_24,B-0,bad
457,B-1_bad,0.0,0.0,20.0,18_24,B-1,bad
458,B-2_bad,0.0,0.0,20.0,18_24,B-2,bad
459,B-3_bad,1.0,-0.019,20.0,18_24,B-3,bad
460,B-4_bad,0.0,0.0,20.0,18_24,B-4,bad
461,B-5_bad,0.0,0.0,20.0,18_24,B-5,bad
462,B-6_bad,0.0,0.0,20.0,18_24,B-6,bad
463,B-7_bad,0.0,0.0,20.0,18_24,B-7,bad
464,B-8_bad,0.0,0.0,20.0,18_24,B-8,bad
465,B-9_bad,0.0,0.0,20.0,18_24,B-9,bad
466,B-10_bad,0.0,0.0,20.0,18_24,B-10,bad
467,B-11_bad,0.0,0.0,20.0,18_24,B-11,bad
468,B-6_at25,1.0,-0.006,20.0,18_24,B-6,at25
469,B-8_at25,1.0,-0.044,20.0,18_24,B-8,at25
470,B-11_at25,1.0,-0.042,20.0,18_24,B-11,at25
471,B-1_at25,1.0,-0.004,20.0,18_24,B-1,at25
472,B-0_at25,0.0,0.0,20.0,18_24,B-0,at25
473,B-9_at25,0.0,0.0,20.0,18_24,B-9,at25
474,B-5_at25,1.0,-0.024,20.0,18_24,B-5,at25
475,B-10_at25,1.0,-0.003,20.0,18_24,B-10,at25
476,B-3_at25,1.0,-0.023,20.0,18_24,B-3,at25
477,B-4_at25,1.0,-0.022,20.0,18_24,B-4,at25
478,B-7_at25,1.0,-0.012,20.0,18_24,B-7,at25
479,B-2_at25,1.0,-0.035,20.0,18_24,B-2,at25
480,B-0_bad,1.0,-0.016,21.0,18_24,B-0,bad
481,B-1_bad,0.0,0.0,21.0,18_24,B-1,bad
482,B-2_bad,1.0,-0.04,21.0,18_24,B-2,bad
483,B-3_bad,1.0,-0.023,21.0,18_24,B-3,bad
484,B-4_bad,0.0,0.0,21.0,18_24,B-4,bad
485,B-5_bad,0.0,0.0,21.0,18_24,B-5,bad
486,B-6_bad,0.0,0.0,21.0,18_24,B-6,bad
487,B-7_bad,1.0,-0.01,21.0,18_24,B-7,bad
488,B-8_bad,0.0,0.0,21.0,18_24,B-8,bad
489,B-9_bad,0.0,0.0,21.0,18_24,B-9,bad
490,B-10_bad,0.0,0.0,21.0,18_24,B-10,bad
491,B-11_bad,0.0,0.0,21.0,18_24,B-11,bad
492,B-6_at25,1.0,-0.006,21.0,18_24,B-6,at25
493,B-8_at25,1.0,-0.042,21.0,18_24,B-8,at25
494,B-11_at25,1.0,-0.039,21.0,18_24,B-11,at25
495,B-1_at25,1.0,-0.004,21.0,18_24,B-1,at25
496,B-0_at25,0.0,0.0,21.0,18_24,B-0,at25
497,B-9_at25,0.0,0.0,21.0,18_24,B-9,at25
498,B-5_at25,1.0,-0.021,21.0,18_24,B-5,at25
499,B-10_at25,1.0,-0.003,21.0,18_24,B-10,at25
500,B-3_at25,1.0,-0.026,21.0,18_24,B-3,at25
501,B-4_at25,1.0,-0.022,21.0,18_24,B-4,at25
502,B-7_at25,1.0,-0.016,21.0,18_24,B-7,at25
503,B-2_at25,1.0,-0.046,21.0,18_24,B-2,at25
504,B-0_bad,1.0,-0.017,22.0,18_24,B-0,bad
505,B-1_bad,0.0,0.0,22.0,18_24,B-1,bad
506,B-2_bad,1.0,-0.038,22.0,18_24,B-2,bad
507,B-3_bad,1.0,-0.02,22.0,18_24,B-3,bad
508,B-4_bad,0.0,0.0,22.0,18_24,B-4,bad
509,B-5_bad,0.0,0.0,22.0,18_24,B-5,bad
510,B-6_bad,0.0,0.0,22.0,18_24,B-6,bad
511,B-7_bad,1.0,-0.01,22.0,18_24,B-7,bad
512,B-8_bad,0.0,0.0,22.0,18_24,B-8,bad
513,B-9_bad,0.0,0.0,22.0,18_24,B-9,bad
514,B-10_bad,0.0,0.0,22.0,18_24,B-10,bad
515,B-11_bad,0.0,0.0,22.0,18_24,B-11,bad
516,B-6_at25,1.0,-0.006,22.0,18_24,B-6,at25
517,B-8_at25,1.0,-0.041,22.0,18_24,B-8,at25
518,B-11_at25,1.0,-0.039,22.0,18_24,B-11,at25
519,B-1_at25,1.0,-0.004,22.0,18_24,B-1,at25
520,B-0_at25,0.0,0.0,22.0,18_24,B-0,at25
521,B-9_at25,0.0,0.0,22.0,18_24,B-9,at25
522,B-5_at25,1.0,-0.021,22.0,18_24,B-5,at25
523,B-10_at25,1.0,-0.003,22.0,18_24,B-10,at25
524,B-3_at25,1.0,-0.026,22.0,18_24,B-3,at25
525,B-4_at25,1.0,-0.023,22.0,18_24,B-4,at25
526,B-7_at25,1.0,-0.016,22.0,18_24,B-7,at25
527,B-2_at25,1.0,-0.046,22.0,18_24,B-2,at25
528,B-0_bad,1.0,-0.018,23.0,18_24,B-0,bad
529,B-1_bad,1.0,-0.004,23.0,18_24,B-1,bad
530,B-2_bad,1.0,-0.04,23.0,18_24,B-2,bad
531,B-3_bad,1.0,-0.02,23.0,18_24,B-3,bad
532,B-4_bad,0.0,0.0,23.0,18_24,B-4,bad
533,B-5_bad,0.0,0.0,23.0,18_24,B-5,bad
534,B-6_bad,0.0,0.0,23.0,18_24,B-6,bad
535,B-7_bad,1.0,-0.01,23.0,18_24,B-7,bad
536,B-8_bad,0.0,0.0,23.0,18_24,B-8,bad
537,B-9_bad,0.0,0.0,23.0,18_24,B-9,bad
538,B-10_bad,0.0,0.0,23.0,18_24,B-10,bad
539,B-11_bad,0.0,0.0,23.0,18_24,B-11,bad
540,B-6_at25,1.0,-0.006,23.0,18_24,B-6,at25
541,B-8_at25,1.0,-0.044,23.0,18_24,B-8,at25
542,B-11_at25,1.0,-0.039,23.0,18_24,B-11,at25
543,B-1_at25,1.0,-0.004,23.0,18_24,B-1,at25
544,B-0_at25,0.0,0.0,23.0,18_24,B-0,at25
545,B-9_at25,1.0,-0.002,23.0,18_24,B-9,at25
546,B-5_at25,1.0,-0.019,23.0,18_24,B-5,at25
547,B-10_at25,1.0,-0.003,23.0,18_24,B-10,at25
548,B-3_at25,1.0,-0.027,23.0,18_24,B-3,at25
549,B-4_at25,1.0,-0.022,23.0,18_24,B-4,at25
550,B-7_at25,1.0,-0.017,23.0,18_24,B-7,at25
551,B-2_at25,1.0,-0.047,23.0,18_24,B-2,at25
552,B-0_bad,1.0,-0.018,24.0,18_24,B-0,bad
553,B-1_bad,1.0,-0.004,24.0,18_24,B-1,bad
554,B-2_bad,1.0,-0.041,24.0,18_24,B-2,bad
555,B-3_bad,1.0,-0.019,24.0,18_24,B-3,bad
556,B-4_bad,0.0,0.0,24.0,18_24,B-4,bad
557,B-5_bad,0.0,0.0,24.0,18_24,B-5,bad
558,B-6_bad,0.0,0.0,24.0,18_24,B-6,bad
559,B-7_bad,1.0,-0.01,24.0,18_24,B-7,bad
560,B-8_bad,0.0,0.0,24.0,18_24,B-8,bad
561,B-9_bad,0.0,0.0,24.0,18_24,B-9,bad
562,B-10_bad,0.0,0.0,24.0,18_24,B-10,bad
563,B-11_bad,0.0,0.0,24.0,18_24,B-11,bad
564,B-6_at25,1.0,-0.006,24.0,18_24,B-6,at25
565,B-8_at25,1.0,-0.04,24.0,18_24,B-8,at25
566,B-11_at25,1.0,-0.04,24.0,18_24,B-11,at25
567,B-1_at25,1.0,-0.004,24.0,18_24,B-1,at25
568,B-0_at25,0.0,0.0,24.0,18_24,B-0,at25
569,B-9_at25,1.0,-0.003,24.0,18_24,B-9,at25
570,B-5_at25,1.0,-0.023,24.0,18_24,B-5,at25
571,B-10_at25,1.0,-0.002,24.0,18_24,B-10,at25
572,B-3_at25,1.0,-0.026,24.0,18_24,B-3,at25
573,B-4_at25,1.0,-0.022,24.0,18_24,B-4,at25
574,B-7_at25,1.0,-0.018,24.0,18_24,B-7,at25
575,B-2_at25,1.0,-0.044,24.0,18_24,B-2,at25
